cluster_id2,GUASTO CAVO
202301090504_2,False
202301090504_3,False
202301090506_13,False
202301090506_4,False
202301090506_5,False
202301090506_6,False
202301090506_9,False
202301090516_2,False
202301100202_8,True
202301100204_2,True
202301100204_7,False
202301100206_5,True
202301100208_10,False
202301100208_11,False
202301100208_20,False
202301100208_5,False
202301100208_8,False
202301100216_7,False
202301100220_1,True
202301100230_6,True
202301100502_3,True
202301100600_3,True
202301101408_13,False
202301101408_7,False
202301110106_6,True
202301110106_8,True
202301110120_7,True
202301110302_6,True
202301110324_21,True
202301120152_2,True
202301120158_7,True
202301120204_4,True
202301120214_1,True
202301120224_3,True
202301120224_8,True
202301120240_32,True
202301120258_5,True
202301120310_15,True
202301120310_34,True
202301120316_4,True
202301120320_11,True
202301120328_9,True
202301120332_8,True
202301120344_8,True
202301120346_4,True
202301120356_6,True
202301120358_4,True
202301120422_7,True
202301120610_1,False
202301120610_4,False
202301120610_5,False
202301130204_10,True
202301130204_16,True
202301130220_4,True
202301130258_9,True
202301170102_10,True
202301170102_9,True
202301170122_13,True
202301170154_15,True
202301170204_11,False
202301170212_5,True
202301170220_3,False
202301170230_14,False
202301180132_12,False
202301180142_13,False
202301180142_2,False
202301180146_15,False
202301180200_12,False
202301180200_3,True
202301180202_2,False
202301180204_11,True
202301180204_18,True
202301180204_19,False
202301180204_2,False
202301180204_20,False
202301180204_22,True
202301180204_24,True
202301180204_4,True
202301180204_9,False
202301180206_10,True
202301180206_11,True
202301180206_12,True
202301180206_13,True
202301180206_19,True
202301180206_5,False
202301180208_13,True
202301180208_16,False
202301180208_9,True
202301180212_4,True
202301180218_2,True
202301180218_5,True
202301180240_5,True
202301180302_2,True
202301180346_3,True
202301180356_4,True
202301180356_6,True
202301180358_18,True
202301180404_1,True
202301180408_1,True
202301180410_12,True
202301180410_4,True
202301180414_10,True
202301180414_4,True
202301180416_4,True
202301180418_10,True
202301180418_6,True
202301180428_7,True
202301180438_3,True
202301180440_4,True
202301180456_8,True
202301180654_3,False
202301200202_10,True
202301200208_9,True
202301200322_7,True
202301200420_8,True
202301200428_7,True
202301200440_6,True
202301240058_4,True
202301240204_10,True
202301240214_16,True
202301250158_12,True
202301250200_11,True
202301250200_2,True
202301250200_6,True
202301250200_7,True
202301250202_2,True
202301250204_12,True
202301250204_13,True
202301250204_14,True
202301250204_5,True
202301250206_15,True
202301250206_17,True
202301250206_20,True
202301250206_25,True
202301250212_10,False
202301250212_4,False
202301250212_5,False
202301250212_6,False
202301250352_4,True
202301250352_7,True
202301250358_2,False
202301250438_4,False
202301260112_6,True
202301260218_5,True
202301260218_7,True
202301270200_13,True
202301270200_7,True
202301270202_4,True
202301270206_11,True
202301270210_17,True
202301270212_7,True
202301310104_12,True
202301310106_6,True
202301310110_11,True
202301310138_13,True
202301310140_10,True
202301310140_11,True
202301310140_3,True
202301310150_9,True
202301310202_11,False
202301310210_2,False
202301310212_7,True
202301310244_5,True
202301310246_18,True
202301310258_4,True
202301310300_3,True
202301310300_9,True
202301310342_9,True
202302010202_1,True
202302010202_9,True
202302010204_1,True
202302010204_12,True
202302010204_15,True
202302010204_16,True
202302010204_18,True
202302010204_6,True
202302010204_7,True
202302010210_6,True
202302010210_8,True
202302010218_4,True
202302010222_5,True
202302010258_5,True
202302010332_3,True
202302010342_12,True
202302010412_3,True
202302010452_10,True
202302010452_12,True
202302011344_4,False
202302020210_8,True
202302020226_6,True
202302020228_17,True
202302020228_8,True
202302020228_9,True
202302021414_1,False
202302030210_3,True
202302030224_2,True
202302070106_1,True
202302070106_12,True
202302070106_13,True
202302070106_15,True
202302070106_16,True
202302070106_4,True
202302070106_8,True
202302070108_10,True
202302070108_11,True
202302070108_3,True
202302070108_7,True
202302070108_8,True
202302070108_9,True
202302070110_4,True
202302070126_5,True
202302070126_6,True
202302070126_8,True
202302070128_4,True
202302070156_9,True
202302070158_4,True
202302070158_9,False
202302070202_1,True
202302070206_1,True
202302070206_14,True
202302070206_15,True
202302070222_5,True
202302070248_11,True
202302070256_10,False
202302070256_4,True
202302070350_5,True
202302070426_2,True
202302070430_11,True
202302070430_15,True
202302070438_5,False
202302070440_5,True
202302070440_6,True
202302070604_3,True
202302070604_4,True
202302140106_3,True
202302140106_4,True
202302140106_6,True
202302140110_3,True
202302140132_3,True
202302140144_5,True
202302140158_9,True
202302140200_11,True
202302140200_13,True
202302140200_19,True
202302140200_4,True
202302140200_6,True
202302140208_12,True
202302140246_3,True
202302140250_5,True
202302140330_2,True
202302140332_9,True
202302140338_4,True
202302140400_2,True
202302140410_14,True
202302140426_1,True
202302140426_4,True
202302140426_5,True
202302141336_8,False
202302141534_8,False
202302150104_8,True
202302150110_1,True
202302150110_4,True
202302150122_1,True
202302150122_9,True
202302150124_6,True
202302150130_14,True
202302150130_4,True
202302150130_6,True
202302150130_7,True
202302150134_1,True
202302150134_14,True
202302150134_5,True
202302150142_4,True
202302150152_5,True
202302150200_9,False
202302150202_13,False
202302150204_11,False
202302150204_14,False
202302150204_15,False
202302150204_5,True
202302150204_6,False
202302150204_8,False
202302150206_3,False
202302150208_11,False
202302150208_12,False
202302150208_13,False
202302150208_2,False
202302150208_5,False
202302150208_6,False
202302150208_7,False
202302150208_9,False
202302150222_16,True
202302150222_3,True
202302150222_8,True
202302150244_8,True
202302150348_8,True
202302150350_11,False
202302150350_4,False
202302150350_8,False
202302150352_10,False
202302150352_13,False
202302150352_14,False
202302150352_2,False
202302150352_4,False
202302150352_5,False
202302150352_6,False
202302150412_5,False
202302150500_6,False
202302160110_5,True
202302160116_12,True
202302160116_6,True
202302160118_12,True
202302160118_24,True
202302160118_27,True
202302160118_7,True
202302160120_1,True
202302160120_12,True
202302160120_13,True
202302160120_14,True
202302160120_15,True
202302160120_19,True
202302160120_22,True
202302160122_1,True
202302160122_16,True
202302160122_8,True
202302160136_10,True
202302160136_17,True
202302160136_20,True
202302160136_21,True
202302160136_5,True
202302160138_8,True
202302160140_8,True
202302160140_9,True
202302160142_4,True
202302160144_5,True
202302160144_6,True
202302160148_3,True
202302160150_7,True
202302160220_3,True
202302160222_10,True
202302160222_14,True
202302160222_7,True
202302160230_15,True
202302160234_6,True
202302160326_5,True
202302160330_3,True
202302160330_4,True
202302160332_1,True
202302160332_11,True
202302160346_6,True
202302160602_3,True
202302170234_3,True
202302170236_23,True
202302170526_52,True
202302210108_3,False
202302210108_5,False
202302210108_8,False
202302210118_5,False
202302210122_4,False
202302210202_7,True
202302210202_9,True
202302210208_11,True
202302210208_14,True
202302210208_3,True
202302210210_1,True
202302210218_11,True
202302210218_22,True
202302210228_2,True
202302210242_5,True
202302210306_7,True
202302210344_5,True
202302210410_12,True
202302210508_5,False
202302210508_6,False
202302210536_2,False
202302210548_12,False
202302220200_3,True
202302220312_20,True
202302220312_38,True
202302220518_1,False
202302220620_3,True
202302221024_36,True
202302221024_49,False
202302221026_12,True
202302230112_1,False
202302230116_23,False
202302230116_29,False
202302230116_6,False
202302230154_2,False
202302230208_2,True
202302230212_12,True
202302230214_2,True
202302230216_5,True
202302230232_6,True
202302230234_7,True
202302230234_8,True
202302230234_9,True
202302230236_3,True
202302230244_10,True
202302230244_8,True
202302230248_1,True
202302230248_11,True
202302230248_4,True
202302230248_8,True
202302230248_9,True
202302230256_7,True
202302230304_1,True
202302230306_2,True
202302230322_6,True
202302230334_2,True
202302230404_9,True
202302240100_3,True
202302240110_3,True
202302240132_2,True
202302240204_7,True
202302240210_1,True
202302240212_3,True
202302240246_4,True
202302240250_10,True
202302240250_11,True
202302240252_13,True
202302240252_18,True
202302240252_19,True
202302240252_2,True
202302240252_22,True
202302240252_23,True
202302240252_3,True
202302240252_6,True
202302240252_7,True
202302240252_8,True
202302240254_1,True
202302240254_11,True
202302240254_16,True
202302240254_2,True
202302240254_4,True
202302240300_5,True
202302240304_10,True
202302240314_2,True
202302240406_6,True
202302240542_3,True
202302240542_4,True
202302240544_9,True
202302240550_5,True
202302270106_4,True
202302271410_3,False
202302280040_2,True
202302280044_4,True
202302280104_8,True
202302280156_15,True
202302280204_10,True
202302280204_7,False
202302280204_9,True
202302280206_1,True
202302280206_13,True
202302280206_3,True
202302280208_15,True
202302280210_9,False
202302280212_20,False
202302280212_27,False
202302280238_6,True
202302280238_7,True
202302280318_1,True
202302280346_3,True
202302280512_4,True
202302280512_5,True
202303010104_7,True
202303010106_14,True
202303010206_4,True
202303010206_5,True
202303010206_6,True
202303010208_11,True
202303010208_14,True
202303010614_1,False
202303010614_7,False
202303010614_9,False
202303010622_6,False
202303011356_3,False
202303011446_9,False
202303020102_4,True
202303020102_5,True
202303020102_8,True
202303020102_9,True
202303020104_10,True
202303020104_2,True
202303020106_1,True
202303020106_13,True
202303020106_14,True
202303020106_19,True
202303020106_22,True
202303020106_4,True
202303020108_8,True
202303020116_1,True
202303020116_4,True
202303020120_4,True
202303020120_6,True
202303020204_4,True
202303020214_10,True
202303020214_12,True
202303020214_2,True
202303020214_4,True
202303020220_7,True
202303020222_3,True
202303020230_3,True
202303020234_6,True
202303020234_9,True
202303020236_2,True
202303020238_5,True
202303020246_5,True
202303030108_20,True
202303030108_26,True
202303030110_7,True
202303030112_8,True
202303030116_3,True
202303030120_3,True
202303030206_3,True
202303030206_4,True
202303030216_5,True
202303030220_6,True
202303030222_6,True
202303030226_4,True
202303030234_1,True
202303030234_21,True
202303030234_6,True
202303030234_7,True
202303030308_2,True
202303030310_2,True
202303030320_7,True
202303030420_1,True
202303030426_4,True
202303070052_3,True
202303070204_6,True
202303070206_1,True
202303070206_7,True
202303070402_5,True
202303070402_6,True
202303070614_1,False
202303070616_4,False
202303080208_4,True
202303080208_7,True
202303080216_2,True
202303090200_6,True
202303090202_4,True
202303090204_8,True
202303090204_9,True
202303090224_1,True
202303090326_28,True
202303100052_7,True
202303100058_1,True
202303100058_5,True
202303100100_1,True
202303100100_12,True
202303100100_15,True
202303100100_16,True
202303100100_17,True
202303100100_4,True
202303100102_12,True
202303100102_19,True
202303100102_3,True
202303100102_5,True
202303100102_9,True
202303100104_1,True
202303100104_4,True
202303100104_6,True
202303100106_10,True
202303100106_11,True
202303100106_26,True
202303100108_19,True
202303100110_2,True
202303100112_22,True
202303100114_3,True
202303100114_5,True
202303100118_3,True
202303100148_2,True
202303100148_9,True
202303100252_1,True
202303100324_1,True
202303100420_4,True
202303100810_8,False
202303100914_7,False
202303101042_13,False
202303140104_1,True
202303140112_4,True
202303140204_5,False
202303140206_10,False
202303140208_7,True
202303140210_13,False
202303140210_3,False
202303140210_4,True
202303140212_20,False
202303140212_9,False
202303140214_10,False
202303140214_15,False
202303140214_4,False
202303140214_6,False
202303140214_8,False
202303140216_13,False
202303140216_4,False
202303140218_3,False
202303140220_1,False
202303140220_11,False
202303140220_14,False
202303140220_17,False
202303140220_2,False
202303140220_20,False
202303140222_2,False
202303140222_3,False
202303140222_7,False
202303140226_10,False
202303140226_13,False
202303140226_5,False
202303140228_8,False
202303140234_9,False
202303140236_4,False
202303140238_3,False
202303140246_8,False
202303140354_5,False
202303140354_6,False
202303140354_7,False
202303140358_1,False
202303140358_14,False
202303140358_8,False
202303140408_11,False
202303140412_1,True
202303140416_2,False
202303140418_7,False
202303140420_4,False
202303140442_3,False
202303150058_8,True
202303150104_1,True
202303150104_3,True
202303150104_4,True
202303150106_1,True
202303150106_4,True
202303150106_8,True
202303150108_2,True
202303150130_1,True
202303150152_5,True
202303150202_3,True
202303150202_5,True
202303150206_13,True
202303150212_11,True
202303150304_5,True
202303150324_9,True
202303150328_2,True
202303160106_1,True
202303160106_5,True
202303160112_2,True
202303160114_3,True
202303160114_5,True
202303160130_1,True
202303160134_1,True
202303160134_10,True
202303160134_17,True
202303160134_3,True
202303160134_4,True
202303160134_6,True
202303160134_8,True
202303160136_3,True
202303160138_11,True
202303160138_4,True
202303160140_10,True
202303160154_6,True
202303160158_12,True
202303160158_4,True
202303160208_18,True
202303160208_28,True
202303160244_2,True
202303160252_9,False
202303160254_1,True
202303160300_5,True
202303160300_7,True
202303160356_5,False
202303160612_11,False
202303160612_2,False
202303160612_3,False
202303160612_4,False
202303160618_3,False
202303160624_3,False
202303170100_1,True
202303170104_3,True
202303170104_4,True
202303170104_6,True
202303170104_9,True
202303170110_4,False
202303170110_6,True
202303170110_7,False
202303170114_10,True
202303170116_10,True
202303170116_24,True
202303170118_1,True
202303170128_3,True
202303170128_8,True
202303170234_4,True
202303170254_3,True
202303170324_6,True
202303170324_7,True
202303210058_1,True
202303210100_5,True
202303210118_2,True
202303210200_13,True
202303210200_14,True
202303210200_2,True
202303210202_2,True
202303210204_10,True
202303210204_15,True
202303210204_17,True
202303210204_4,True
202303210208_13,True
202303210210_3,True
202303210210_5,True
202303210210_8,True
202303210214_17,True
202303210214_2,True
202303210226_8,True
202303210234_5,True
202303210234_7,True
202303210236_19,True
202303210236_2,True
202303210236_3,True
202303210238_5,True
202303210240_7,True
202303210300_7,True
202303210302_1,True
202303210304_2,True
202303210318_14,True
202303210318_8,True
202303210334_1,True
202303210350_5,True
202303210404_10,True
202303220226_10,False
202303220236_19,False
202303220238_11,False
202303220238_2,False
202303220238_3,False
202303220238_6,False
202303220238_9,False
202303220240_10,False
202303220240_20,False
202303220240_3,False
202303220240_6,False
202303220240_9,False
202303220242_4,False
202303220242_9,False
202303220322_4,True
202303220416_1,True
202303220418_4,True
202303220420_17,True
202303220420_4,True
202303220420_7,True
202303220420_8,True
202303220420_9,True
202303230104_19,True
202303230220_10,False
202303230222_3,False
202303230224_10,False
202303230224_3,False
202303230224_4,False
202303230232_3,False
202303230234_4,False
202303230240_5,False
202303230330_1,False
202303230342_1,False
202303230342_3,True
202303230428_4,False
202303230450_5,False
202303231406_2,False
202303240104_1,True
202303240106_5,True
202303240154_8,True
202303240202_5,True
202303240204_10,True
202303240206_1,True
202303240206_11,True
202303240206_16,True
202303240206_19,True
202303240206_7,True
202303240208_5,True
202303240210_8,True
202303240310_19,True
202303240342_5,True
202303240354_1,True
202303240400_3,True
202303240420_2,True
202303240422_3,True
202303240424_4,True
202303240526_5,True
202303280102_12,True
202303280102_8,True
202303280104_13,True
202303280104_4,True
202303280108_16,True
202303280112_10,True
202303280118_2,True
202303280118_3,True
202303280118_4,True
202303280118_9,True
202303280122_5,True
202303280130_6,True
202303280142_1,True
202303280142_6,True
202303280146_2,True
202303280148_8,True
202303280150_13,True
202303280150_16,True
202303280150_6,True
202303280156_6,False
202303280200_10,True
202303280200_12,True
202303280202_10,True
202303280202_12,True
202303280202_2,True
202303280202_3,True
202303280202_8,True
202303280204_3,True
202303280204_9,True
202303280206_11,True
202303280206_16,True
202303280206_17,True
202303280206_2,True
202303280206_3,True
202303280206_5,False
202303280206_6,True
202303280208_8,True
202303280210_2,True
202303280212_1,True
202303280218_13,True
202303280224_7,True
202303280228_3,False
202303280228_6,False
202303280230_5,True
202303280232_3,True
202303280356_12,True
202303280356_4,True
202303280358_7,True
202303280400_3,True
202303280400_5,True
202303280402_3,True
202303280406_8,True
202303280410_12,True
202303280412_4,True
202303290122_1,False
202303290128_6,False
202303290140_5,False
202303290200_3,True
202303290200_8,True
202303290224_13,False
202303290224_6,False
202303290224_9,False
202303290226_1,False
202303290226_4,False
202303290226_7,False
202303290226_8,False
202303290228_5,False
202303290230_13,False
202303290234_6,False
202303300300_2,True
202303300300_5,True
202303300302_6,True
202303300302_8,True
202303300302_9,True
202303300306_5,True
202303300328_4,True
202303300354_6,True
202303300354_7,True
202303300726_21,True
202303310152_1,True
202303310158_12,True
202303310158_15,True
202303310158_3,True
202303310200_12,True
202303310200_14,True
202303310202_5,True
202303310208_4,True
202303310254_8,True
202303310340_3,True
202303310350_1,True
202303310414_7,True
202303310528_2,True
202303310532_5,True
202304040204_2,True
202304040212_3,True
202304040214_1,True
202304040236_10,False
202304040254_2,True
202304040342_1,True
202304040408_1,True
202304040944_2,False
202304041032_16,False
202304041340_3,False
202304050104_8,True
202304050106_2,True
202304050106_4,True
202304050106_8,True
202304050108_5,True
202304050110_1,True
202304050110_2,True
202304050118_3,True
202304050120_9,True
202304050208_3,False
202304050212_5,False
202304050216_1,False
202304050216_12,False
202304050216_19,False
202304050216_21,False
202304050216_22,False
202304050216_25,False
202304050216_29,False
202304050218_1,False
202304050308_13,False
202304050318_4,False
202304050324_5,False
202304050340_2,False
202304050340_3,False
202304050354_8,False
202304050358_5,False
202304050442_5,True
202304050928_13,False
202304050958_40,False
202304060110_12,True
202304060110_4,True
202304060126_3,False
202304060142_1,False
202304060202_2,True
202304060202_4,True
202304060210_6,True
202304060210_8,True
202304060230_8,False
202304060234_7,False
202304060236_8,False
202304060254_1,False
202304060316_6,False
202304060330_4,False
202304060338_1,True
202304060346_4,False
202304070104_8,True
202304070106_7,True
202304070108_10,True
202304070108_12,True
202304070108_14,True
202304070108_15,True
202304070108_5,True
202304070108_7,True
202304070110_12,True
202304070110_4,True
202304070110_7,True
202304070110_8,True
202304070112_1,True
202304070112_11,True
202304070112_12,True
202304070112_13,True
202304070112_15,True
202304070112_3,True
202304070112_4,True
202304070112_5,True
202304070122_5,True
202304070124_7,True
202304070124_8,True
202304070200_3,True
202304070200_6,True
202304070202_5,True
202304070202_8,True
202304070204_11,True
202304070206_2,True
202304070206_9,True
202304070208_1,True
202304070208_4,True
202304070212_5,True
202304070242_10,True
202304070258_5,True
202304070428_4,True
202304070438_4,True
202304070440_1,True
202304070442_8,True
202304070448_10,True
202304070448_2,True
202304070456_10,True
202304070502_7,True
202304070506_6,True
202304070508_10,True
202304070524_13,True
202304070524_8,True
202304070530_7,True
202304070534_10,True
202304070538_3,True
202304070548_11,True
202304070630_3,True
202304120126_4,True
202304120130_12,True
202304120130_4,True
202304120130_5,True
202304120130_6,True
202304120130_7,True
202304120132_10,True
202304120132_12,True
202304120132_13,True
202304120132_15,True
202304120132_16,True
202304120134_1,True
202304120134_12,True
202304120134_5,True
202304120134_9,True
202304120136_1,True
202304120136_10,True
202304120136_12,True
202304120136_18,True
202304120136_2,True
202304120136_3,True
202304120136_6,True
202304120140_8,True
202304120538_10,True
202304120604_3,True
202304120610_5,True
202304120610_6,True
202304120612_10,True
202304120614_1,True
202304120614_3,True
202304120616_9,True
202304120618_13,True
202304120618_5,True
202304120634_3,True
202304130202_6,True
202304130204_1,True
202304130206_13,True
202304130206_3,True
202304130214_15,True
202304130214_18,True
202304130218_6,True
202304130220_12,True
202304130220_21,True
202304130220_5,True
202304130222_7,True
202304130300_6,True
202304130312_14,True
202304130312_3,True
202304130312_9,True
202304130314_7,True
202304130316_1,True
202304130316_11,True
202304130316_12,True
202304130316_5,True
202304130316_6,True
202304130318_2,True
202304130318_4,True
202304130318_6,True
202304130320_8,True
202304130324_10,True
202304130324_11,True
202304130324_3,True
202304130330_10,True
202304130420_2,True
202304130538_4,False
202304140130_6,True
202304140132_5,True
202304140134_1,True
202304140134_11,True
202304140134_3,True
202304140134_4,True
202304140134_5,True
202304140134_7,True
202304140134_9,True
202304140136_4,True
202304140138_2,True
202304140254_1,True
202304140302_8,True
202304140304_5,True
202304140314_4,True
202304140418_9,True
202304180132_5,False
202304180200_6,True
202304180200_7,True
202304180202_14,True
202304180202_15,True
202304180202_16,True
202304180202_2,True
202304180202_3,True
202304180202_4,True
202304180202_6,True
202304180202_8,True
202304180204_10,True
202304180204_11,True
202304180204_7,True
202304180204_8,True
202304180206_10,True
202304180206_11,True
202304180206_13,True
202304180206_3,True
202304180206_4,True
202304180206_8,True
202304180206_9,True
202304180212_4,True
202304180212_5,True
202304180214_1,True
202304180214_2,True
202304180214_3,True
202304180216_2,True
202304180218_4,True
202304180222_5,True
202304180230_6,True
202304180234_7,True
202304180320_5,True
202304180324_6,True
202304180414_12,True
202304180414_19,True
202304180414_22,True
202304180414_32,True
202304180414_9,True
202304180438_4,True
202304180506_9,True
202304181004_4,False
202304181024_3,False
202304190100_1,True
202304190102_11,True
202304190228_3,True
202304190228_5,True
202304190228_6,True
202304190228_8,True
202304190230_1,True
202304190230_11,True
202304190230_17,True
202304190232_3,True
202304190236_1,True
202304190236_3,True
202304190238_5,True
202304190252_5,True
202304190526_2,False
202304190536_2,False
202304190906_3,False
202304191026_7,True
202304200058_13,True
202304200100_12,True
202304200106_11,True
202304200106_12,True
202304200106_16,True
202304200106_18,True
202304200106_19,True
202304200106_21,True
202304200106_5,True
202304200106_8,True
202304200130_9,True
202304200136_6,True
202304200200_1,True
202304200222_5,True
202304200226_2,True
202304200234_1,True
202304200246_12,True
202304200246_6,True
202304200252_9,True
202304200306_19,True
202304200326_7,True
202304200412_10,True
202304200516_1,False
202304200516_7,False
202304200650_19,True
202304210010_1,True
202304210010_4,True
202304210012_10,True
202304210012_11,True
202304210052_1,True
202304210054_2,True
202304210056_1,True
202304210056_2,True
202304210106_4,True
202304210158_9,True
202304210202_10,True
202304210202_16,True
202304210212_7,True
202304261412_8,False
202304270100_7,True
202304270104_16,True
202304270108_4,True
202304270108_6,True
202304270110_2,True
202304270112_3,True
202304270114_9,True
202304270118_2,True
202304270118_3,True
202304270148_7,True
202304270156_13,True
202304270156_15,True
202304270156_16,True
202304270156_2,True
202304270156_3,True
202304270156_9,True
202304270158_1,True
202304270158_3,True
202304270158_4,True
202304270158_7,True
202304270158_9,True
202304270200_1,True
202304270202_4,True
202304270208_8,True
202304270212_11,True
202304270212_13,True
202304270212_15,True
202304270212_21,True
202304270212_24,True
202304270354_8,True
202304270356_9,True
202304270402_4,True
202304270404_5,True
202304270502_1,True
202304270638_6,False
202304270652_10,False
202304280202_6,True
202304280204_15,True
202304280204_16,True
202304280204_7,True
202304280206_15,True
202304280206_4,True
202304280206_5,True
202304280248_2,True
202304280320_2,True
202304280322_16,True
202304280322_4,True
202304280348_6,True
202304280348_9,True
202304280402_3,True
202305020202_2,True
202305020202_7,True
202305020206_1,True
202305020206_3,True
202305020208_10,True
202305020218_6,True
202305020224_6,True
202305030012_3,False
202305030012_5,False
202305030014_2,False
202305030102_14,True
202305030106_10,True
202305030108_1,True
202305030108_2,True
202305030122_3,True
202305030200_2,True
202305030200_5,True
202305030200_6,True
202305030202_6,True
202305030204_6,True
202305030216_28,True
202305030336_1,True
202305030346_1,True
202305030348_4,True
202305030400_4,True
202305030400_5,True
202305030426_1,True
202305030426_3,True
202305030428_4,True
202305030512_3,True
202305031206_3,False
202305040200_2,True
202305040200_3,True
202305040202_1,True
202305040206_10,True
202305040206_21,True
202305040206_28,True
202305040206_7,True
202305040208_3,False
202305040230_5,True
202305040234_1,True
202305040256_7,True
202305040928_5,False
202305040938_2,False
202305041028_5,False
202305050058_5,True
202305050104_11,True
202305050104_3,True
202305050104_5,True
202305050104_9,True
202305050106_3,True
202305050106_5,True
202305050202_12,True
202305050208_12,True
202305050208_20,True
202305050208_6,True
202305050218_13,True
202305050220_4,True
202305050242_15,True
202305090100_7,True
202305090102_3,True
202305090204_8,False
202305090216_19,False
202305090252_7,True
202305100112_10,False
202305100128_7,False
202305100204_2,True
202305100206_1,True
202305100206_10,True
202305100206_12,True
202305100208_15,True
202305100208_19,True
202305100210_1,True
202305100220_8,True
202305100222_4,True
202305110022_10,False
202305110100_11,False
202305110102_13,False
202305110102_2,False
202305110102_6,False
202305110106_1,False
202305110106_13,False
202305110106_8,False
202305110114_8,False
202305110138_1,False
202305110148_16,False
202305110148_7,False
202305110152_4,False
202305110208_4,False
202305110210_10,False
202305110210_11,False
202305110210_12,False
202305110210_15,False
202305110210_9,False
202305110448_11,False
202305110526_11,False
202305120204_6,True
202305120206_12,True
202305120206_5,True
202305120206_8,True
202305120212_8,True
202305120214_5,True
202305120356_2,True
202305120446_8,True
202305120652_14,False
202305120654_18,False
202305120654_4,False
202305161212_12,False
202305161504_19,False
202305170104_15,True
202305170106_1,True
202305170108_4,True
202305170110_12,True
202305170110_7,True
202305170110_9,True
202305170156_11,True
202305170156_8,True
202305170202_11,True
202305170202_12,True
202305170202_13,True
202305170202_14,True
202305170202_2,True
202305170202_23,True
202305170202_3,True
202305170202_7,True
202305170204_23,True
202305170204_24,True
202305170204_26,True
202305170204_7,True
202305170204_9,True
202305170212_10,True
202305170216_12,True
202305170216_13,True
202305170216_6,True
202305170216_7,True
202305170218_2,True
202305170226_4,True
202305170300_1,True
202305170306_8,True
202305170316_3,True
202305170320_5,True
202305170326_5,True
202305170336_4,True
202305170348_5,True
202305170350_4,True
202305170400_3,True
202305170402_6,True
202305170406_2,True
202305170450_6,True
202305180200_2,True
202305180202_5,True
202305180202_9,True
202305180204_15,True
202305180210_6,True
202305180210_8,True
202305180210_9,True
202305180212_11,True
202305180212_12,True
202305180212_14,True
202305180212_15,True
202305180212_4,True
202305180212_7,True
202305180214_10,True
202305180214_11,True
202305180214_13,True
202305180214_14,True
202305180214_15,True
202305180214_16,True
202305180214_17,True
202305180214_2,True
202305180214_20,True
202305180214_22,True
202305180214_25,True
202305180214_3,True
202305180214_30,True
202305180214_31,True
202305180214_6,True
202305180214_9,True
202305180216_1,True
202305180216_15,True
202305180216_20,True
202305180216_21,True
202305180216_23,True
202305180216_27,True
202305180216_29,True
202305180218_15,True
202305180224_14,True
202305180224_7,True
202305180230_8,True
202305180440_9,True
202305180500_13,True
202305190012_6,True
202305190100_12,True
202305190100_15,True
202305190100_2,True
202305190200_7,True
202305190202_4,True
202305190204_11,True
202305190204_13,True
202305190204_2,True
202305190204_6,True
202305190206_11,True
202305190206_4,True
202305190206_8,True
202305190206_9,True
202305190212_12,True
202305190214_8,True
202305190222_3,True
202305190226_2,True
202305190226_5,True
202305190226_8,True
202305190238_7,True
202305190244_14,True
202305190252_3,True
202305190320_5,True
202305190348_3,True
202305190352_12,True
202305190400_7,True
202305190402_6,True
202305190404_3,True
202305190426_9,True
202305190500_1,True
202305190652_10,True
202305190652_4,True
202305230108_2,False
202305230108_3,False
202305230110_14,True
202305230110_18,True
202305230112_10,False
202305230112_15,False
202305230112_6,False
202305230112_7,False
202305230122_8,True
202305230156_25,False
202305230202_1,True
202305230236_9,False
202305230242_6,False
202305230506_6,False
202305230508_1,False
202305231012_19,False
202305240054_6,True
202305240058_7,True
202305240100_2,True
202305240102_10,True
202305240102_13,True
202305240102_2,True
202305240104_4,True
202305240108_15,True
202305240108_17,True
202305240108_4,True
202305240120_11,True
202305240120_9,True
202305240122_12,True
202305240202_3,True
202305240202_4,True
202305240202_5,True
202305240204_4,True
202305240204_9,True
202305240206_1,True
202305240206_3,True
202305240206_4,True
202305240206_6,True
202305240206_7,True
202305240218_2,True
202305240218_3,True
202305240338_2,True
202305240338_4,True
202305240338_9,True
202305240424_6,True
202305250106_4,True
202305250106_6,True
202305250112_1,True
202305250112_7,False
202305250112_9,True
202305250114_13,False
202305250114_16,False
202305250114_3,True
202305250114_6,False
202305250202_1,True
202305250202_11,True
202305250202_13,True
202305250202_15,True
202305250202_2,True
202305250202_8,True
202305250202_9,True
202305250204_4,True
202305250204_8,True
202305250206_10,True
202305250206_11,True
202305250206_4,True
202305250206_5,True
202305250208_12,True
202305250208_14,True
202305250208_5,True
202305250208_8,True
202305250210_12,True
202305250224_12,True
202305250334_11,True
202305250338_7,True
202305250344_1,True
202305250354_7,True
202305250354_8,True
202305260126_10,False
202305260126_14,False
202305260138_14,False
202305260204_1,True
202305260204_14,True
202305260204_9,True
202305260224_10,False
202305300104_13,True
202305300104_14,True
202305300104_3,True
202305300104_9,True
202305300118_7,True
202305300202_1,True
202305300202_10,True
202305300202_3,True
202305300202_7,True
202305300204_13,True
202305300204_14,True
202305300204_15,True
202305300204_16,True
202305300204_3,True
202305300204_4,True
202305300204_5,True
202305300206_13,True
202305300206_3,True
202305300206_9,True
202305300322_2,True
202305300334_1,True
202305300430_4,True
202305300446_4,True
202305300446_8,True
202305310106_1,True
202305310106_12,True
202305310110_15,True
202305310110_4,True
202305310110_7,True
202305310110_9,True
202305310114_9,True
202305310116_16,True
202305310218_4,True
202305310218_9,True
202305310244_13,True
202305310246_6,True
202305310250_5,True
202305310322_1,True
202305310512_5,True
202305310524_3,True
202305310534_6,True
202306010102_16,True
202306010104_3,True
202306010308_6,True
202306060048_2,True
202306060058_1,True
202306060100_7,True
202306060102_1,True
202306060102_17,True
202306060102_21,True
202306060102_4,True
202306060104_31,True
202306060106_18,True
202306060106_20,True
202306060108_16,True
202306060108_19,True
202306060108_4,True
202306060114_25,True
202306060120_5,True
202306060206_4,True
202306060214_1,True
202306060220_4,True
202306060508_1,False
202306060510_2,False
202306060512_3,False
202306060512_4,False
202306060542_1,False
202306060658_1,False
202306070110_11,True
202306070110_2,True
202306070110_4,True
202306070110_8,True
202306070112_1,True
202306070112_12,True
202306070112_14,True
202306070112_5,True
202306070112_7,True
202306070114_6,True
202306070202_8,False
202306070208_7,False
202306070214_13,False
202306070214_20,False
202306070214_22,False
202306070214_5,False
202306070216_7,False
202306070220_6,False
202306070222_2,False
202306070228_3,False
202306070232_2,False
202306070310_1,True
202306070312_17,True
202306070328_4,False
202306070332_3,False
202306070332_6,False
202306070332_8,False
202306070334_2,True
202306070400_5,False
202306070404_3,False
202306070508_15,False
202306070510_1,False
202306080110_7,True
202306080112_3,True
202306080122_1,True
202306080122_12,True
202306080122_15,True
202306080122_4,True
202306080124_4,True
202306080124_5,True
202306080126_9,True
202306080128_13,True
202306080128_16,True
202306080128_2,True
202306080128_6,True
202306080128_7,True
202306080140_4,True
202306080140_7,True
202306080142_1,True
202306080142_13,True
202306080142_14,True
202306080142_6,True
202306080144_4,True
202306080150_8,True
202306080202_6,True
202306080208_16,True
202306080210_22,True
202306080210_24,True
202306080210_25,True
202306080212_12,True
202306080212_14,True
202306080212_2,True
202306080212_21,True
202306080214_1,True
202306080214_17,True
202306080214_8,True
202306080216_15,True
202306080216_28,True
202306080216_7,True
202306080224_84,True
202306080228_27,True
202306080228_38,True
202306080404_19,True
202306080420_4,True
202306080420_9,True
202306080504_6,True
202306080506_13,True
202306090002_6,True
202306090002_7,True
202306090004_3,True
202306090004_5,True
202306090004_7,True
202306090004_8,True
202306090006_4,True
202306090022_2,True
202306090044_1,True
202306090044_7,True
202306090104_3,True
202306090154_12,True
202306090154_6,True
202306090202_5,True
202306090212_2,True
202306090504_5,True
202306130052_12,True
202306130052_4,True
202306130052_6,True
202306130054_3,True
202306130058_12,True
202306130058_13,True
202306130058_14,True
202306130058_15,True
202306130100_7,True
202306130150_16,False
202306130200_3,True
202306130202_35,True
202306130204_2,True
202306130256_7,False
202306130700_2,True
202306140154_10,True
202306140200_2,True
202306140200_6,True
202306140206_4,True
202306140206_5,True
202306140208_7,True
202306140208_8,True
202306140214_10,True
202306140214_12,True
202306140214_13,True
202306140214_18,True
202306140214_3,True
202306140214_4,True
202306140214_7,True
202306140216_22,True
202306140218_1,True
202306140218_4,True
202306140218_9,True
202306140346_7,True
202306140350_7,True
202306140350_8,True
202306140404_3,True
202306140406_3,True
202306140414_1,True
202306140414_6,True
202306140434_6,True
202306140504_12,True
202306141342_5,False
202306150020_6,True
202306150030_1,False
202306150030_9,False
202306150056_12,True
202306150204_16,True
202306150204_18,True
202306150204_19,True
202306150204_5,True
202306150204_7,True
202306150206_13,True
202306150208_9,True
202306150216_4,True
202306160236_1,True
202306170158_10,True
202306200102_11,True
202306200106_2,True
202306200106_9,True
202306200202_1,True
202306200202_2,True
202306200202_6,True
202306200202_8,True
202306200202_9,True
202306200204_1,True
202306200204_10,True
202306200204_6,True
202306200204_8,True
202306200206_1,True
202306200206_13,True
202306200206_14,True
202306200206_19,True
202306200206_20,True
202306200206_3,True
202306200206_4,True
202306200208_2,True
202306200208_25,True
202306200208_8,True
202306200208_9,True
202306200216_23,True
202306200220_8,True
202306200222_5,True
202306200234_12,False
202306200250_1,True
202306200256_1,True
202306200304_1,True
202306200312_3,False
202306200314_11,True
202306200316_1,True
202306200316_4,True
202306200318_3,True
202306200318_6,False
202306200318_7,False
202306200322_4,True
202306200344_7,False
202306200356_6,True
202306210100_13,True
202306210202_8,False
202306210206_9,False
202306210232_11,False
202306210238_6,False
202306220200_6,True
202306220202_1,True
202306220202_10,True
202306220202_13,True
202306220202_16,True
202306220202_4,True
202306220202_5,True
202306220202_6,True
202306220202_8,True
202306220204_11,True
202306220204_14,True
202306220204_15,True
202306220204_27,True
202306220204_5,True
202306220204_6,True
202306220204_7,True
202306220206_1,True
202306220206_11,True
202306220206_13,True
202306220206_14,True
202306220206_15,True
202306220236_5,True
202306220242_6,True
202306220340_3,True
202306220346_1,True
202306220404_3,True
202306220406_3,True
202306220410_4,True
202306220410_6,True
202306220412_5,True
202306220414_1,True
202306220418_5,True
202306220524_11,True
202306220532_11,True
202306220532_9,True
202306230104_10,True
202306230104_11,True
202306230138_5,True
202306230152_8,True
202306230154_16,True
202306230204_2,True
202306230204_7,True
202306230206_16,True
202306230206_17,True
202306230206_19,True
202306230206_21,True
202306230206_23,True
202306230206_25,True
202306230206_3,True
202306230206_6,True
202306230208_3,True
202306230208_5,True
202306230208_6,True
202306230216_12,True
202306230218_6,True
202306230222_1,True
202306230224_13,True
202306230226_10,True
202306230226_12,True
202306230258_13,True
202306230258_14,True
202306230306_7,True
202306230314_10,True
202306230314_15,True
202306230314_3,True
202306230334_5,True
202306230336_6,True
202306230358_1,True
202306230456_13,True
202306230456_6,True
202306230504_2,True
202306240200_14,True
202306240202_15,True
202306240202_7,True
202306240210_4,True
202306240220_6,True
202306240506_11,True
202306270054_4,True
202306270056_15,True
202306270056_33,True
202306270100_6,True
202306270144_9,True
202306270422_4,True
202306270528_9,False
202306270532_11,False
202306270532_7,False
202306280100_11,True
202306280104_10,True
202306280104_16,True
202306280104_17,True
202306280104_2,True
202306280104_3,True
202306280104_6,True
202306280104_8,True
202306280106_17,True
202306280106_18,True
202306280106_7,True
202306280112_14,True
202306280112_16,True
202306280204_3,True
202306280214_13,True
202306280250_5,True
202306290026_4,True
202306290030_3,True
202306290052_8,True
202306290106_10,True
202306290110_7,True
202306290138_8,True
202306290240_8,True
202306290242_4,True
202306290312_6,True
202306290410_17,True
202306290420_8,True
202306290548_7,True
202306290600_8,True
202306300106_11,True
202307030106_12,True
202307030106_13,True
202307030106_16,True
202307030106_4,True
202307030112_13,True
202307030112_17,True
202307030114_1,True
202307030114_11,True
202307030114_12,True
202307030114_15,True
202307030114_16,True
202307030114_5,True
202307030114_7,True
202307030114_9,True
202307030116_17,True
202307030130_11,True
202307030130_9,True
202307030300_2,True
202307030404_7,True
202307030504_6,True
202307040004_12,True
202307040042_4,True
202307040102_6,True
202307040106_1,True
202307040106_6,True
202307040106_7,True
202307040108_11,True
202307040108_13,True
202307040108_15,True
202307040108_16,True
202307040110_15,True
202307040110_18,True
202307040110_21,True
202307040110_26,True
202307040110_27,True
202307040110_5,True
202307040110_9,True
202307040112_3,True
202307040112_8,True
202307040118_12,True
202307040130_5,True
202307040156_5,True
202307040204_2,True
202307040204_4,True
202307040206_1,True
202307040206_12,True
202307040206_14,True
202307040206_20,True
202307040210_2,True
202307040214_14,True
202307040234_8,True
202307040236_6,True
202307040312_2,True
202307050124_1,True
202307050124_4,True
202307050124_7,True
202307050216_11,False
202307050220_11,False
202307050220_16,False
202307050220_17,False
202307050220_5,False
202307050220_6,False
202307050224_7,False
202307050226_4,False
202307050226_7,False
202307050228_14,False
202307050228_16,False
202307050230_15,False
202307050230_8,False
202307050232_16,False
202307050240_10,False
202307050240_12,False
202307050342_3,True
202307050552_2,True
202307050606_7,True
202307060052_9,True
202307060106_1,True
202307060106_16,True
202307060106_22,True
202307060106_29,True
202307060106_5,True
202307060108_15,True
202307060110_11,True
202307060112_5,True
202307060116_1,True
202307060116_11,True
202307060116_13,True
202307060116_2,True
202307060116_5,True
202307060118_1,True
202307060118_3,True
202307060118_8,True
202307060120_12,True
202307060120_6,True
202307060126_7,True
202307060130_8,False
202307060132_5,False
202307060134_3,False
202307060152_13,True
202307060152_21,True
202307060312_10,True
202307060330_2,True
202307060404_1,True
202307060418_5,True
202307060434_4,True
202307060450_2,True
202307060510_1,True
202307060514_8,True
202307070100_1,True
202307070100_14,True
202307070110_7,True
202307070114_4,True
202307070128_11,True
202307070132_4,True
202307070132_8,True
202307070150_10,True
202307070150_8,True
202307070152_3,True
202307070154_10,True
202307070158_11,True
202307070158_8,True
202307070200_8,True
202307070300_5,True
202307070304_17,True
202307070306_12,True
202307070450_5,True
202307070452_2,True
202307070452_7,True
202307070520_1,True
202307070520_6,True
202307110100_23,True
202307110104_1,True
202307110106_11,True
202307110106_23,True
202307110106_4,True
202307110110_4,False
202307110122_2,False
202307110124_3,False
202307110124_7,False
202307110126_13,False
202307110128_4,False
202307110132_1,False
202307110136_4,False
202307110138_5,False
202307110240_1,False
202307110244_1,False
202307111144_6,False
202307111258_13,False
202307120058_4,True
202307120100_5,True
202307120102_23,True
202307120126_1,True
202307120136_13,False
202307120204_2,True
202307120204_9,True
202307120206_1,True
202307120206_13,True
202307120230_3,True
202307120622_6,True
202307130140_161,True
202307130156_11,True
202307130156_16,True
202307130156_23,True
202307130156_5,True
202307130156_8,True
202307130158_10,True
202307130158_14,True
202307130158_4,True
202307130200_11,True
202307130200_3,True
202307130200_8,True
202307130202_18,True
202307130204_18,True
202307130204_8,True
202307130204_9,True
202307130206_19,True
202307130206_23,True
202307130206_31,True
202307130206_8,True
202307130212_14,True
202307130212_15,True
202307130216_6,True
202307130232_16,True
202307130310_11,True
202307130414_18,True
202307131002_7,False
202307131038_8,False
202307131406_5,True
202307140550_4,True
202307180146_10,False
202307180204_10,True
202307180206_16,False
202307180206_9,False
202307180222_8,True
202307180224_11,True
202307180310_9,True
202307180358_7,True
202307180610_14,False
202307180902_2,True
202307181028_1,True
202307181034_6,True
202307181046_17,True
202307181116_1,True
202307190124_8,False
202307190144_1,True
202307190148_17,True
202307190154_1,True
202307190156_6,True
202307190156_8,True
202307190204_11,True
202307190212_7,True
202307190254_4,True
202307190254_6,True
202307190412_7,True
202307191040_5,False
202307191430_21,False
202307200058_17,True
202307200112_20,True
202307200114_11,True
202307200116_14,True
202307200200_9,True
202307200202_7,True
202307200202_8,True
202307200202_9,True
202307210102_14,True
202307210102_2,True
202307210102_20,True
202307210102_25,True
202307210104_16,True
202307210114_17,True
202307210330_6,True
202307250152_19,True
202307250156_2,True
202307250156_5,True
202307250158_1,True
202307250158_15,True
202307250200_2,True
202307250200_3,True
202307250200_9,True
202307250216_16,True
202307250220_3,True
202307250220_9,True
202307250224_1,True
202307250224_8,True
202307250508_1,True
202307250510_9,True
202307270150_10,True
202307270226_8,False
202307270228_16,True
202307270232_1,False
202307270232_12,False
202307270232_3,False
202307270234_10,False
202307270234_11,False
202307270234_12,False
202307270234_14,False
202307270234_17,False
202307270234_20,False
202307270234_6,False
202307270236_16,False
202307270236_8,False
202307270300_2,False
202307270300_9,False
202307270420_10,True
202307270428_16,True
202307270616_12,False
202308010030_1,True
202308010030_14,True
202308010036_2,True
202308010142_16,True
202308010238_1,True
202308010238_22,True
202308010434_11,True
202308020204_14,True
202308020212_13,True
202308020218_5,True
202308030102_3,True
202308030112_1,True
202308030124_16,True
202308030142_8,True
202308030202_15,True
202308030204_13,True
202308030204_20,True
202308030204_5,True
202308030206_11,True
202308030222_3,True
202308030410_6,True
202308030610_8,False
202308040104_30,True
202308040104_40,True
202308040106_8,True
202308040110_1,True
202308040110_10,True
202308040110_9,True
202308040112_13,True
202308040112_23,True
202308040116_4,False
202308040250_6,True
202308040258_8,True
202308040420_7,True
202308080148_9,True
202308080202_11,True
202308080204_13,True
202308080204_14,True
202308080204_17,True
202308080204_2,True
202308080204_20,True
202308080204_9,True
202308080206_13,True
202308080206_24,True
202308080206_25,True
202308080206_7,True
202308080214_6,True
202308080216_11,False
202308080216_13,False
202308080218_28,True
202308080218_48,False
202308080218_65,False
202308080218_79,False
202308090222_1,False
202308090506_17,True
202308091354_2,False
202308100116_18,True
202308100120_13,True
202308100120_5,True
202308100204_1,True
202308100204_14,True
202308100204_3,True
202308100204_5,True
202308100206_8,True
202308100244_4,True
202308100252_1,True
202308100306_1,True
202308100342_6,True
202308100350_5,True
202308100356_2,True
202308100420_1,True
202308110104_10,True
202308110300_2,True
202308110316_12,True
202308220146_12,True
202308220148_8,True
202308230206_12,True
202308230208_13,True
202308230208_27,True
202308230210_5,True
202308230236_20,False
202308230236_3,False
202308230238_15,False
202308230246_11,False
202308240100_10,True
202308240102_10,True
202308240102_21,True
202308240102_4,True
202308240102_6,True
202308240112_1,True
202308240128_6,True
202308240128_8,True
202308250048_8,True
202308250050_6,True
202308250050_9,True
202308250054_19,True
202308250054_6,True
202308250056_18,True
202308250056_29,True
202308250108_20,True
202308250108_22,True
202308250232_9,True
202308250240_1,True
202308250240_15,True
202308250240_2,True
202308250240_7,True
202308250240_9,True
202308250242_7,True
202308250244_5,True
202308250244_6,True
202308250248_28,True
202308250630_11,True
202308290158_14,True
202308290202_6,True
202308290204_11,True
202308290204_16,True
202308290204_9,True
202308290206_13,True
202308290206_14,True
202308290206_15,True
202308290206_16,True
202308290206_18,True
202308290206_22,True
202308290206_3,True
202308290206_4,True
202308290206_7,True
202308290206_8,True
202308290208_11,True
202308290208_14,True
202308290208_7,True
202308290330_9,True
202308290338_8,True
202308300202_7,True
202308300206_15,True
202308300210_7,True
202308300212_11,True
202308300212_2,True
202308300212_4,True
202308300212_6,True
202308300214_2,True
202308300216_1,True
202308300216_17,True
202308300216_18,True
202308300216_20,True
202308300216_21,True
202308300216_22,True
202308300216_33,True
202308300216_36,True
202308300216_39,True
202308300216_42,True
202308300216_5,True
202308300218_6,True
202308300414_8,True
202308301104_5,False
202308301352_4,False
202308310112_1,True
202308310112_9,True
202308310114_23,True
202308310114_6,True
202308310118_6,True
202308310200_3,True
202308310200_4,True
202308310202_12,True
202308310202_2,True
202308310202_32,True
202308310202_34,True
202308310202_47,True
202308310204_13,True
202308310204_23,True
202308310204_27,True
202308310204_4,True
202308310206_12,True
202308310206_23,True
202308310206_3,True
202308310206_6,True
202308310210_10,True
202308310214_4,True
202308310338_7,True
202308310402_4,True
202308310408_11,True
202308310408_6,True
202308310448_6,True
202308310922_10,False
202309010208_27,True
202309010440_21,True
202309050208_6,True
202309050210_11,True
202309050210_9,True
202309050212_16,True
202309050214_12,True
202309050216_4,True
202309060112_5,True
202309060150_3,True
202309060202_11,True
202309060636_14,False
202309060658_18,False
202309060658_5,False
202309060700_6,False
202309060700_7,False
202309061402_13,False
202309061414_18,False
202309070150_30,True
202309070200_5,False
202309070202_1,False
202309070202_11,False
202309070202_2,False
202309070202_8,False
202309070204_15,True
202309070204_5,False
202309070222_27,True
202309070222_4,True
202309070228_13,True
202309070228_14,True
202309070228_2,True
202309070230_13,True
202309070230_5,True
202309070230_6,True
202309070230_8,True
202309070232_6,True
202309070234_11,True
202309070242_31,True
202309070244_11,True
202309070244_24,True
202309070246_7,True
202309070252_6,True
202309070254_4,True
202309070256_2,True
202309070320_11,True
202309070322_1,True
202309070322_4,True
202309070324_6,True
202309070324_8,True
202309070326_11,True
202309070326_14,True
202309070326_2,True
202309070326_7,True
202309120104_3,True
202309120108_2,True
202309120120_9,True
202309120158_12,True
202309120202_10,True
202309120202_5,True
202309120204_13,True
202309120206_1,True
202309120208_3,True
202309120208_5,True
202309120212_8,True
202309120216_13,True
202309120228_3,True
202309120232_8,True
202309120242_23,True
202309120252_2,True
202309120254_15,True
202309120254_17,True
202309120254_4,True
202309120256_14,True
202309120344_5,True
202309120404_2,True
202309120516_11,False
202309120516_4,False
202309120656_13,False
202309130334_6,True
202309140054_4,True
202309140056_11,True
202309140056_14,True
202309140100_12,True
202309140238_11,True
202309140244_23,True
202309140310_2,True
202309140316_3,True
202309140444_7,True
202309140446_3,True
202309150100_2,True
202309150112_3,True
202309150200_13,True
202309150204_15,True
202309150206_12,True
202309150206_15,True
202309150206_3,True
202309150206_7,True
202309150206_9,True
202309150208_10,True
202309150208_2,True
202309150210_5,True
202309150230_2,True
202309150236_9,True
202309150324_4,True
202309150326_10,True
202309150350_4,True
202309150410_6,True
202309150448_12,True
202309150450_18,True
202309150450_8,True
202309150518_3,True
202309150520_9,True
202309150538_5,True
202309150538_6,True
202309150548_3,True
202309150548_4,True
202309191004_25,True
202309200222_3,False
202309200222_4,False
202309200226_1,False
202309200226_11,False
202309200226_16,False
202309200226_20,False
202309200226_24,False
202309200226_27,False
202309200226_3,False
202309200226_8,False
202309210224_1,False
202309210224_3,False
202309210226_5,False
202309210228_3,False
202309210230_15,False
202309210230_20,False
202309210230_7,False
202309210230_8,False
202309220104_28,True
202309220104_3,True
202309220116_15,True
202309220116_7,True
202309220154_6,True
202309220158_9,True
202309220200_3,True
202309220202_1,True
202309220202_13,True
202309220202_16,True
202309220202_22,True
202309220202_4,True
202309220212_31,True
202309220220_15,True
202309220224_8,True
202309220230_4,True
202309220254_8,True
202309220314_3,True
202309220320_5,True
202309220328_2,True
202309220356_11,True
202309220356_6,True
202309220508_10,True
202309220512_18,True
202309250158_5,True
202309250202_10,True
202309250202_13,True
202309250202_15,True
202309250202_3,True
202309250202_7,True
202309250202_8,True
202309250212_4,True
202309260504_10,False
202309260516_4,True
202309260518_11,True
202309260518_9,True
202309261140_15,False
202309270058_14,True
202309270058_15,True
202309270058_7,True
202309270104_10,False
202309270106_8,False
202309270110_13,False
202309270110_14,False
202309270110_15,False
202309270110_17,True
202309270110_24,True
202309270110_27,False
202309270110_30,False
202309270110_32,False
202309270110_4,False
202309270112_20,True
202309270114_2,False
202309270120_9,True
202309270122_20,True
202309270122_22,False
202309270208_7,True
202309270214_8,True
202309270224_7,True
202309270224_8,True
202309270226_6,True
202309270246_6,True
202309270310_3,True
202309270310_7,True
202309270312_10,True
202309270314_8,True
202309270426_3,True
202309270908_12,False
202309280102_4,False
202309280102_7,False
202309280104_14,True
202309280108_11,False
202309280108_17,False
202309280108_19,False
202309280108_27,False
202309280156_4,True
202309280156_9,True
202309280202_10,True
202309280202_35,True
202309280204_1,True
202309280204_13,False
202309280204_20,True
202309280204_23,True
202309280204_24,True
202309280204_26,True
202309280206_13,True
202309280206_14,True
202309280206_18,False
202309280206_2,True
202309280206_20,True
202309280206_29,True
202309280206_33,True
202309280206_7,True
202309280212_6,True
202309280214_6,True
202309280238_8,False
202309280246_9,False
202309280248_6,False
202309280258_6,True
202309280320_9,True
202309280336_10,True
202309280414_17,True
202309280544_8,False
202309280550_5,False
202309280552_6,True
202309280602_3,False
202309280602_8,False
202309280606_2,False
202309280630_10,False
202309280634_1,False
202309280634_15,False
202309280634_16,False
202309280634_6,False
202309290008_13,True
202309290102_7,True
202309290114_2,True
202309290114_4,True
202309290114_8,True
202309290116_10,True
202309290116_13,True
202309290116_6,True
202309290116_9,True
202309290118_1,True
202309290118_11,True
202309290118_7,True
202309290120_10,True
202309290120_15,True
202309290124_4,True
202309290146_5,True
202309290250_4,True
202309290252_2,True
202309290256_2,True
202309290258_16,True
202309290310_10,True
202309290310_12,True
202309290310_6,True
202310030206_5,True
202310030208_10,True
202310030208_14,True
202310030210_15,True
202310030210_22,True
202310030210_24,True
202310030214_10,True
202310030214_6,True
202310030218_10,True
202310030220_15,True
202310030220_26,True
202310030220_3,True
202310030220_7,True
202310030232_3,True
202310030402_6,False
202310040200_13,True
202310040200_6,True
202310040200_9,True
202310040202_11,True
202310040202_2,True
202310040204_2,True
202310040204_3,True
202310040204_6,True
202310040410_8,True
202310040414_13,True
202310040444_1,True
202310040450_7,True
202310040454_7,True
202310040506_3,True
202310040506_9,True
202310040536_2,True
202310040608_1,False
202310040608_14,False
202310050100_5,True
202310050100_6,True
202310050140_4,True
202310050148_8,False
202310050204_17,False
202310050210_1,False
202310050212_11,False
202310050212_8,False
202310050214_19,False
202310050214_2,False
202310050214_20,False
202310050214_3,False
202310050216_11,False
202310050216_22,False
202310050216_28,False
202310050538_10,True
202310050540_8,True
202310050540_9,True
202310050622_8,True
202310050622_9,True
202310051338_18,False
202310060052_9,True
202310060100_13,True
202310060104_1,True
202310060104_13,True
202310060104_23,True
202310060104_24,True
202310060104_26,True
202310060104_27,True
202310060104_28,True
202310060104_4,True
202310060104_8,True
202310060110_3,True
202310060130_1,True
202310060148_1,True
202310060148_15,True
202310060150_13,True
202310060152_1,True
202310060236_37,True
202310060306_22,True
202310060312_7,True
202310060526_1,True
202310060526_9,True
202310060528_11,True
202310100202_4,True
202310100218_2,True
202310100254_11,True
202310100254_9,True
202310100614_2,True
202310100956_18,False
202310110138_8,True
202310110156_13,True
202310110158_1,True
202310110200_8,True
202310110204_11,True
202310110204_3,True
202310110204_4,True
202310110204_9,True
202310110208_24,True
202310110208_5,True
202310110210_12,True
202310110210_17,True
202310110210_3,True
202310110210_7,True
202310110214_11,True
202310110238_6,True
202310110256_11,True
202310110258_1,True
202310110258_12,True
202310110400_4,True
202310110434_1,True
202310110914_12,True
202310111022_14,True
202310120058_3,True
202310120100_13,True
202310120100_7,True
202310120100_9,True
202310120102_1,True
202310120104_10,True
202310120104_19,True
202310120104_23,True
202310120104_3,True
202310120104_5,True
202310120104_7,True
202310120104_8,True
202310120106_16,True
202310120106_3,True
202310120106_9,True
202310120112_13,True
202310120112_4,True
202310120112_9,True
202310120114_1,True
202310120114_14,True
202310120114_6,True
202310120206_12,True
202310120206_6,True
202310120212_1,True
202310120212_13,True
202310120216_6,True
202310120246_7,True
202310120248_10,True
202310120300_6,True
202310120314_11,True
202310120316_9,True
202310120334_8,True
202310120338_3,True
202310120354_5,True
202310120402_1,True
202310120412_2,True
202310120420_8,False
202310120500_9,False
202310120512_1,True
202310130102_10,True
202310130102_3,True
202310130106_17,True
202310130202_13,True
202310130202_5,True
202310130204_1,True
202310130204_7,True
202310130206_1,False
202310130206_12,False
202310130206_5,False
202310130208_14,False
202310130208_4,False
202310130208_7,False
202310130210_11,False
202310130210_4,False
202310130210_8,False
202310130212_5,False
202310130236_1,True
202310130242_18,True
202310130242_3,True
202310130242_5,True
202310130242_6,True
202310130242_7,True
202310130324_5,True
202310130328_4,True
202310130348_1,True
202310130348_6,True
202310150124_12,True
202310150124_6,True
202310150138_10,True
202310150150_9,True
202310170104_5,False
202310170116_10,True
202310170116_2,True
202310170116_6,True
202310170138_1,True
202310170204_13,False
202310170204_6,False
202310170206_11,False
202310170210_13,True
202310170210_16,True
202310170210_20,True
202310170210_30,True
202310170222_6,False
202310170228_8,True
202310170248_2,False
202310170252_8,True
202310170258_1,True
202310170258_4,True
202310170258_9,True
202310170332_8,True
202310170334_11,False
202310170422_3,True
202310170422_7,True
202310170428_2,False
202310170958_16,False
202310180100_23,True
202310180102_16,True
202310180104_13,True
202310180104_4,True
202310180104_5,True
202310180104_7,True
202310180106_1,True
202310180106_10,True
202310180106_14,True
202310180106_18,True
202310180106_2,True
202310180106_20,True
202310180106_21,True
202310180106_22,True
202310180106_3,True
202310180106_8,True
202310180106_9,True
202310180110_10,True
202310180110_13,True
202310180110_17,True
202310180110_18,True
202310180110_24,True
202310180110_29,True
202310180110_4,True
202310180112_12,True
202310180112_6,True
202310180116_1,True
202310180122_21,True
202310180126_11,True
202310180134_13,True
202310180134_6,True
202310180138_5,True
202310180142_5,True
202310180200_20,True
202310180238_1,True
202310180242_3,True
202310180242_8,True
202310180244_13,True
202310180246_11,True
202310180246_20,True
202310180246_9,True
202310180248_14,True
202310180250_16,True
202310180250_24,True
202310180252_1,True
202310180258_6,True
202310180304_8,True
202310180308_9,True
202310180310_5,True
202310180324_12,True
202310180400_3,True
202310180538_11,False
202310180540_2,False
202310180540_4,False
202310180542_15,False
202310180542_5,False
202310180544_4,False
202310180544_9,False
202310180546_5,False
202310180558_6,False
202310190204_1,True
202310190204_13,True
202310190206_1,True
202310200102_5,True
202310200104_7,True
202310200106_11,True
202310200108_10,True
202310200108_5,True
202310200118_11,True
202310200206_31,True
202310240038_9,True
202310240102_11,True
202310240102_18,True
202310240102_19,True
202310240102_5,True
202310240102_8,True
202310240104_26,True
202310240106_9,True
202310240108_1,True
202310240108_17,True
202310240108_23,True
202310240108_24,True
202310240108_26,True
202310240108_8,True
202310240110_22,True
202310240110_30,True
202310240110_32,True
202310240110_5,True
202310240120_2,True
202310240140_3,False
202310240156_18,False
202310240156_6,False
202310240202_21,True
202310240204_1,True
202310240204_6,True
202310240206_5,True
202310240232_24,True
202310240236_2,True
202310240300_11,True
202310240304_9,True
202310240306_7,True
202310240306_8,True
202310240312_2,True
202310240338_2,False
202310240356_1,True
202310240356_2,True
202310240554_6,True
202310241430_13,False
202310250108_1,True
202310250140_45,True
202310250200_17,True
202310250200_37,True
202310250206_13,True
202310250214_62,True
202310250214_69,True
202310250216_8,True
202310250222_28,False
202310250222_6,True
202310250224_19,False
202310250224_26,False
202310250238_31,True
202310250238_41,True
202310250238_6,True
202310250246_53,True
202310250248_14,True
202310250256_44,True
202310250258_15,True
202310250258_38,True
202310250258_48,True
202310250258_7,True
202310250300_34,True
202310250308_22,True
202310250308_35,True
202310250312_31,True
202310250312_35,True
202310250314_18,True
202310250328_11,False
202310250352_8,True
202310260106_1,True
202310260106_14,True
202310260106_16,True
202310260106_2,True
202310260106_5,True
202310260106_6,True
202310260106_7,True
202310260106_9,True
202310260108_1,True
202310260108_10,True
202310260108_12,True
202310260108_18,True
202310260110_1,True
202310260110_11,True
202310260110_12,True
202310260110_13,True
202310260110_14,True
202310260110_21,True
202310260110_4,True
202310260110_7,True
202310260114_5,True
202310260148_1,True
202310260204_12,True
202310260204_7,True
202310260206_11,True
202310260206_7,True
202310260208_10,True
202310260208_12,True
202310260208_21,True
202310260210_16,True
202310260210_2,True
202310260210_7,True
202310260226_9,True
202310260312_2,False
202310260324_10,False
202310260326_1,False
202310260328_13,True
202310260340_11,True
202310260340_8,True
202310260348_11,True
202310260406_11,True
202310260410_11,True
202310260426_12,True
202310260518_9,True
202310260526_22,True
202310260536_5,False
202310260552_13,True
202310261212_1,False
202310270112_8,True
202310270114_2,True
202310270126_4,True
202310270130_9,True
202310270204_3,True
202310270214_12,False
202310270310_8,True
202310270310_9,True
202310270314_1,True
202310270314_10,True
202310270314_14,True
202310270314_17,True
202310270314_22,True
202310270314_5,True
202310270322_11,True
202310270322_19,True
202310270344_21,True
202310270424_8,True
202310270426_2,True
202310270516_23,True
202310280106_8,True
202310280114_11,True
202310280114_14,True
202310280114_16,True
202310280114_9,True
202310280248_6,True
202310301402_1,False
202310310104_15,True
202310310104_18,True
202310310106_12,True
202310310108_1,True
202310310110_2,True
202310310110_22,True
202310310110_43,True
202310310112_23,True
202310310204_21,True
202310310206_16,True
202310310208_9,True
202310310216_3,True
202310310300_19,True
202310310358_7,True
202310311052_26,False
202311020104_13,True
202311020108_11,True
202311020210_10,True
202311020214_14,True
202311020216_10,True
202311020216_11,True
202311020216_15,True
202311020216_4,True
202311020222_3,True
202311020230_7,True
202311020232_6,True
202311020234_8,True
202311020238_11,True
202311020238_16,True
202311020238_2,True
202311020238_4,True
202311020238_8,True
202311030102_17,True
202311030104_14,True
202311030108_13,True
202311030126_10,True
202311030128_1,True
202311030128_11,True
202311030128_14,True
202311030128_18,True
202311030134_9,True
202311030138_16,True
202311030140_10,True
202311030140_6,True
202311030222_17,True
202311030232_14,True
202311060938_23,False
202311060940_19,False
202311061016_19,False
202311061520_1,False
202311061522_12,False
202311070104_12,True
202311070106_2,True
202311070206_22,True
202311070206_30,True
202311070210_22,True
202311070210_32,True
202311070210_46,True
202311070212_11,True
202311070216_10,False
202311070218_1,True
202311070218_3,False
202311070218_4,False
202311070220_7,False
202311070238_12,True
202311070238_16,True
202311070238_19,True
202311070238_9,True
202311070242_13,True
202311070246_5,True
202311070306_5,True
202311070314_8,True
202311070358_6,True
202311070400_11,True
202311070408_9,True
202311070412_11,True
202311070416_5,True
202311070416_7,True
202311070420_6,True
202311070422_6,True
202311070428_14,True
202311070920_34,False
202311071344_13,False
202311080116_14,True
202311080138_20,True
202311080202_13,True
202311080202_2,True
202311080202_7,True
202311080204_11,True
202311080204_13,True
202311080204_14,True
202311080204_15,True
202311080204_22,True
202311080204_23,True
202311080204_26,True
202311080204_3,True
202311080204_30,True
202311080204_33,True
202311080204_6,True
202311080204_9,True
202311080206_15,True
202311080206_21,True
202311080208_12,True
202311080208_8,True
202311080226_5,True
202311080236_6,True
202311080238_10,True
202311080238_9,True
202311080240_12,True
202311080242_2,True
202311080242_7,True
202311080248_12,True
202311080254_2,True
202311080304_2,True
202311080304_7,True
202311080306_8,True
202311080434_8,True
202311080504_8,True
202311080614_2,True
202311080616_7,True
202311081356_4,False
202311082336_17,True
202311090104_11,True
202311090104_2,True
202311090104_7,True
202311090106_10,True
202311090106_11,True
202311090106_18,True
202311090108_1,True
202311090108_10,True
202311090108_11,True
202311090108_16,True
202311090108_3,True
202311090108_6,True
202311090108_7,True
202311090108_9,True
202311090110_6,True
202311090112_12,True
202311090112_14,True
202311090112_15,True
202311090112_18,True
202311090112_24,True
202311090112_29,True
202311090112_31,True
202311090114_1,True
202311090120_11,True
202311090120_2,True
202311090124_3,True
202311090132_7,True
202311090154_14,True
202311090250_7,True
202311090252_3,True
202311090310_7,True
202311090314_1,True
202311090316_4,True
202311090318_5,True
202311091018_18,False
202311091154_15,False
202311100112_5,True
202311100114_1,True
202311100114_14,True
202311100114_2,True
202311100158_5,True
202311100200_10,True
202311100200_11,True
202311100200_12,True
202311100200_15,True
202311100200_4,True
202311100200_5,True
202311100202_1,True
202311100202_11,True
202311100202_16,True
202311100202_2,True
202311100202_3,True
202311100204_13,True
202311100204_15,True
202311100204_5,True
202311100204_8,True
202311100208_1,True
202311100208_4,True
202311100304_6,True
202311100326_5,True
202311100344_2,True
202311100350_1,True
202311100554_2,True
202311100556_1,True
202311110124_11,True
202311140056_10,True
202311140102_14,True
202311140102_25,True
202311140102_26,True
202311140104_14,False
202311140104_4,True
202311140108_1,True
202311140108_24,False
202311140108_31,False
202311140108_6,True
202311140110_13,True
202311140110_2,True
202311140110_3,True
202311140110_7,True
202311140112_2,True
202311140112_3,True
202311140112_4,True
202311140112_7,True
202311140114_10,True
202311140114_2,True
202311140116_11,True
202311140118_1,True
202311140128_1,True
202311140132_11,True
202311140134_11,True
202311140134_18,True
202311140134_4,False
202311140136_14,False
202311140136_18,True
202311140144_2,True
202311140152_1,True
202311140152_35,True
202311140200_16,False
202311140204_1,True
202311140206_12,False
202311140206_15,False
202311140206_5,False
202311140206_7,False
202311140206_9,False
202311140218_6,True
202311140224_3,False
202311140226_20,False
202311140232_4,True
202311140250_4,True
202311140310_5,False
202311140314_11,False
202311140314_12,False
202311140314_22,False
202311140314_4,False
202311140314_7,False
202311140316_12,False
202311140316_8,False
202311140330_6,True
202311140650_1,True
202311150104_21,False
202311150104_22,False
202311150108_10,False
202311150108_11,False
202311150108_18,False
202311150108_2,False
202311150108_22,False
202311150108_24,False
202311150108_30,False
202311150108_5,False
202311150120_21,False
202311150120_3,False
202311150122_8,False
202311150124_10,False
202311150124_12,False
202311150124_13,False
202311150124_7,False
202311150126_15,False
202311150200_1,True
202311150200_3,True
202311150200_8,True
202311150202_1,True
202311150202_13,True
202311150202_15,True
202311150202_17,True
202311150202_20,True
202311150202_21,True
202311150202_24,True
202311150202_26,True
202311150202_35,True
202311150204_1,True
202311150204_11,True
202311150204_14,True
202311150204_20,True
202311150204_21,True
202311150204_24,True
202311150204_32,True
202311150204_36,True
202311150204_37,True
202311150204_38,True
202311150204_4,True
202311150204_46,True
202311150204_9,True
202311150206_17,True
202311150206_30,True
202311150206_5,True
202311150206_6,True
202311150206_9,True
202311150208_16,True
202311150208_18,True
202311150208_22,True
202311150208_25,True
202311150208_6,True
202311150210_10,True
202311150210_12,True
202311150210_19,True
202311150214_16,True
202311150218_3,True
202311150224_8,True
202311150226_16,True
202311150302_2,False
202311150304_6,False
202311150310_12,False
202311150310_7,False
202311150356_4,False
202311150404_3,False
202311150406_26,False
202311150406_32,False
202311150406_33,False
202311150408_11,False
202311150408_13,False
202311150408_18,False
202311150412_13,False
202311150414_11,False
202311150414_19,False
202311150414_22,False
202311150414_23,False
202311150414_37,False
202311150416_8,False
202311150508_12,True
202311150610_12,True
202311150628_1,True
202311150900_10,False
202311160036_4,False
202311160224_7,True
202311160226_10,True
202311160226_11,True
202311160226_12,True
202311160226_13,True
202311160226_17,True
202311160226_19,True
202311160848_8,True
202311161006_29,True
202311210204_3,True
202311210206_11,True
202311210206_12,False
202311210206_15,True
202311210208_1,True
202311210208_4,True
202311210208_9,False
202311210210_10,True
202311210210_15,False
202311210210_16,False
202311210210_2,False
202311210210_6,False
202311210210_9,False
202311210212_3,False
202311210220_13,False
202311210246_4,True
202311210448_6,True
202311211346_3,False
202311220102_4,True
202311220858_11,False
202311230002_12,True
202311230002_25,True
202311230002_33,True
202311230004_10,True
202311230004_12,True
202311230004_2,True
202311230020_25,True
202311230156_12,True
202311230204_4,True
202311230206_4,True
202311230210_12,False
202311230210_7,True
202311230212_1,True
202311230216_4,False
202311230304_14,True
202311230304_21,True
202311231420_22,False
202311240056_10,True
202311240056_13,True
202311240056_19,True
202311240056_2,True
202311240058_3,True
202311240124_4,True
202311240204_13,True
202311240206_14,True
202311240220_12,True
202311240246_12,True
202311240416_8,True
202311240422_10,True
202311240424_6,True
202311240458_7,True
202311240500_13,True
202311240500_17,True
202311240502_1,True
202311240502_6,True
202311240532_10,True
202311270208_19,False
202311280102_26,True
202311280102_4,True
202311280106_1,True
202311280200_43,True
202311280200_45,True
202311280202_5,True
202311280204_13,True
202311280204_4,True
202311280204_9,True
202311280206_20,True
202311280206_6,True
202311280206_8,True
202311280210_27,True
202311280212_13,True
202311280212_14,True
202311280314_1,True
202311280318_8,True
202311280328_1,True
202311280328_4,True
202311280400_2,True
202311280512_1,True
202311280512_11,True
202311281034_25,False
202311300146_13,True
202311300148_2,True
202311300148_9,True
202311300202_8,True
202311300204_4,True
202311300206_6,True
202311300216_16,False
202311300218_19,False
202311300230_1,True
202311300230_12,True
202311300230_16,True
202311300256_3,True
202311300516_18,True
202311300520_4,True
202311300522_12,True
202311300522_14,True
202311300522_3,True
202311300534_2,True
202311300548_6,True
202311300924_17,False
202312010342_23,True
202312030014_4,True
202312030154_16,True
202312030234_5,True
202312050110_59,False
202312050112_24,True
202312050134_4,False
202312050140_11,True
202312050150_29,True
202312050156_10,False
202312050158_12,True
202312050158_2,True
202312050204_12,True
202312050204_18,True
202312050204_25,True
202312050204_36,False
202312050206_24,True
202312050206_26,True
202312050208_14,True
202312050210_10,True
202312050210_13,True
202312050214_9,True
202312050252_10,True
202312050310_21,True
202312050312_11,True
202312050314_18,True
202312050316_18,True
202312050320_11,True
202312050326_11,True
202312050408_18,True
202312050440_19,True
202312050504_14,True
202312050542_15,True
202312060212_15,True
202312060212_19,True
202312060212_8,True
202312070256_6,True
202312070256_8,True
202312102356_5,True
202312110004_15,True
202312110004_19,True
202312110004_2,True
202312110006_1,True
202312110006_11,True
202312110006_13,True
202312110006_14,True
202312110006_16,True
202312110006_5,True
202312110006_6,True
202312110006_7,True
202312110008_15,True
202312110008_17,True
202312110008_20,True
202312110008_21,True
202312110008_26,True
202312110008_6,True
202312110008_8,True
202312120128_1,True
202312120128_3,True
202312120128_9,True
202312120130_16,True
202312120148_1,True
202312120152_2,True
202312120200_2,True
202312120202_6,False
202312120204_8,True
202312120206_2,True
202312120206_7,True
202312120208_8,True
202312120214_15,True
202312120216_3,True
202312120218_1,True
202312120224_10,True
202312120224_8,True
202312120234_9,True
202312120302_12,True
202312120304_7,True
202312120416_10,True
202312130110_2,False
202312130130_2,False
202312130152_25,True
202312130202_2,True
202312130208_15,True
202312130218_10,True
202312130222_6,True
202312130224_1,True
202312130226_4,True
202312130226_6,True
202312130226_8,True
202312130228_2,True
202312130338_1,True
202312130342_11,True
202312140002_12,True
202312140002_2,True
202312140002_7,True
202312140004_15,True
202312140104_10,True
202312140120_11,True
202312140128_11,True
202312140136_6,True
202312140140_15,True
202312140140_8,True
202312140202_6,True
202312140212_10,True
202312140220_20,True
202312140220_5,True
202312140222_18,True
202312140224_4,True
202312140356_6,True
202312140502_2,False
202312140506_8,False
202312140514_1,False
202312141342_14,False
202312150010_5,True
202312150102_3,True
202312150104_6,True
202312150106_5,True
202312150108_12,True
202312150108_15,True
202312150108_20,True
202312150108_6,True
202312150110_1,True
202312150110_27,True
202312150110_4,True
202312150112_17,True
202312150112_25,True
202312150112_3,True
202312150116_12,True
202312150202_3,True
202312150204_1,True
202312150204_11,True
202312150204_13,True
202312150204_16,True
202312150204_17,True
202312150204_19,True
202312150204_3,True
202312150204_5,True
202312150206_1,True
202312150206_10,True
202312150206_17,True
202312150206_18,True
202312150206_2,True
202312150206_20,True
202312150206_21,True
202312150206_25,True
202312150206_26,True
202312150206_28,True
202312150206_30,True
202312150206_4,True
202312150206_40,True
202312150206_43,True
202312150206_44,True
202312150206_5,True
202312150210_5,True
202312150210_9,True
202312150212_14,True
202312150326_12,True
202312150328_10,True
202312150402_10,True
202312150408_9,True
202312150444_11,True
202312150516_9,True
202312150532_8,True
202312150534_7,True
202312150538_8,True
202312150546_6,True
202312150550_8,True
202312150558_5,True
202312180208_11,False
202312180208_6,False
202312190202_4,True
202312190204_2,True
202312190204_9,True
202312190206_4,True
202312190206_6,True
202312190210_19,True
202312190210_2,True
202312190210_28,True
202312190210_5,True
202312190210_9,True
202312190212_11,True
202312190212_18,True
202312190214_8,True
202312190222_2,True
202312190312_5,True
202312190400_5,True
202312190416_8,True
202312190418_12,True
202312190418_9,True
202312190436_15,True
202312190916_15,True
202312191342_17,False
202312200206_5,True
202312200208_1,True
202312200208_10,True
202312200208_12,True
202312200208_6,True
202312200218_10,True
202312200218_5,True
202312200218_8,True
202312200220_3,True
202312200220_4,True
202312200220_6,True
202312200220_8,True
202312200222_2,True
202312200604_3,True
202312210200_6,True
202312210208_7,True
